<System>
  <BaudRate>
    <MCUName>HC32L15xxA</MCUName>
    <BaudRateValues>
      <BaudRateValue>9600</BaudRateValue>
      <BaudRateValue>19200</BaudRateValue>
      <BaudRateValue>38400</BaudRateValue>
      <BaudRateValue>76800</BaudRateValue>
      <BaudRateValue>115200</BaudRateValue>
      <BaudRateValue>128000</BaudRateValue>
      <BaudRateValue>256000</BaudRateValue>
      <BaudRateValue>500000</BaudRateValue>
      <BaudRateValue>1000000</BaudRateValue>
    </BaudRateValues>
  </BaudRate>
  <BaudRate>
    <MCUName>HC32L15xx8</MCUName>
    <BaudRateValues>
      <BaudRateValue>9600</BaudRateValue>
      <BaudRateValue>19200</BaudRateValue>
      <BaudRateValue>38400</BaudRateValue>
      <BaudRateValue>76800</BaudRateValue>
      <BaudRateValue>115200</BaudRateValue>
      <BaudRateValue>128000</BaudRateValue>
      <BaudRateValue>256000</BaudRateValue>
      <BaudRateValue>500000</BaudRateValue>
      <BaudRateValue>1000000</BaudRateValue>
    </BaudRateValues>
  </BaudRate>
  <BaudRate>
    <MCUName>HC32F146xA/HC32M140xA</MCUName>
    <BaudRateValues>
      <BaudRateValue>9600</BaudRateValue>
      <BaudRateValue>19200</BaudRateValue>
      <BaudRateValue>38400</BaudRateValue>
      <BaudRateValue>76800</BaudRateValue>
      <BaudRateValue>115200</BaudRateValue>
      <BaudRateValue>128000</BaudRateValue>
      <BaudRateValue>256000</BaudRateValue>
      <BaudRateValue>500000</BaudRateValue>
      <BaudRateValue>1000000</BaudRateValue>
    </BaudRateValues>
  </BaudRate>
  <BaudRate>
    <MCUName>HC32F146x8/HC32M140x8</MCUName>
    <BaudRateValues>
      <BaudRateValue>9600</BaudRateValue>
      <BaudRateValue>19200</BaudRateValue>
      <BaudRateValue>38400</BaudRateValue>
      <BaudRateValue>76800</BaudRateValue>
      <BaudRateValue>115200</BaudRateValue>
      <BaudRateValue>128000</BaudRateValue>
      <BaudRateValue>256000</BaudRateValue>
      <BaudRateValue>500000</BaudRateValue>
      <BaudRateValue>1000000</BaudRateValue>
    </BaudRateValues>
  </BaudRate>
  <BaudRate>
    <MCUName>HC32L110x4</MCUName>
    <BaudRateValues>
      <BaudRateValue>9600</BaudRateValue>
      <BaudRateValue>19200</BaudRateValue>
      <BaudRateValue>38400</BaudRateValue>
      <BaudRateValue>115200</BaudRateValue>
      <BaudRateValue>230400</BaudRateValue>
	  <BaudRateValue>691200</BaudRateValue>	  
    </BaudRateValues>
  </BaudRate>
  <BaudRate>
    <MCUName>HC32L110x6</MCUName>
    <BaudRateValues>
      <BaudRateValue>9600</BaudRateValue>
      <BaudRateValue>19200</BaudRateValue>
      <BaudRateValue>38400</BaudRateValue>
      <BaudRateValue>115200</BaudRateValue>
      <BaudRateValue>230400</BaudRateValue>
	  <BaudRateValue>460800</BaudRateValue>
	  <BaudRateValue>691200</BaudRateValue>	  
    </BaudRateValues>
  </BaudRate>
  <BaudRate>
    <MCUName>HC32F005C6</MCUName>
    <BaudRateValues>
      <BaudRateValue>9600</BaudRateValue>
      <BaudRateValue>19200</BaudRateValue>
      <BaudRateValue>38400</BaudRateValue>
      <BaudRateValue>115200</BaudRateValue>
      <BaudRateValue>230400</BaudRateValue>
	  <BaudRateValue>460800</BaudRateValue>	  
	  <BaudRateValue>691200</BaudRateValue>
    </BaudRateValues>
  </BaudRate>
  <BaudRate>
    <MCUName>HC32F003C4</MCUName>
    <BaudRateValues>
      <BaudRateValue>9600</BaudRateValue>
      <BaudRateValue>19200</BaudRateValue>
      <BaudRateValue>38400</BaudRateValue>
      <BaudRateValue>115200</BaudRateValue>
      <BaudRateValue>230400</BaudRateValue>
	  <BaudRateValue>460800</BaudRateValue>	  
	  <BaudRateValue>691200</BaudRateValue>	  
    </BaudRateValues>
  </BaudRate>
  <BaudRate>
    <MCUName>HC32A136x8/HC32L136x8/HC32L130x8</MCUName>
    <BaudRateValues>
      <BaudRateValue>9600</BaudRateValue>
      <BaudRateValue>19200</BaudRateValue>
      <BaudRateValue>38400</BaudRateValue>
      <BaudRateValue>76800</BaudRateValue>
      <BaudRateValue>115200</BaudRateValue>
      <BaudRateValue>128000</BaudRateValue>
      <BaudRateValue>256000</BaudRateValue>
      <BaudRateValue>1000000</BaudRateValue>
    </BaudRateValues>
  </BaudRate>
  <BaudRate>
    <MCUName>HC32F030x8</MCUName>
    <BaudRateValues>
      <BaudRateValue>9600</BaudRateValue>
      <BaudRateValue>19200</BaudRateValue>
      <BaudRateValue>38400</BaudRateValue>
      <BaudRateValue>76800</BaudRateValue>
      <BaudRateValue>115200</BaudRateValue>
      <BaudRateValue>128000</BaudRateValue>
      <BaudRateValue>256000</BaudRateValue>
      <BaudRateValue>1000000</BaudRateValue>
    </BaudRateValues>
  </BaudRate>
    <BaudRate>
    <MCUName>LM32Q</MCUName>
    <BaudRateValues>
      <BaudRateValue>9600</BaudRateValue>
      <BaudRateValue>19200</BaudRateValue>
      <BaudRateValue>38400</BaudRateValue>
      <BaudRateValue>76800</BaudRateValue>
      <BaudRateValue>115200</BaudRateValue>
      <BaudRateValue>128000</BaudRateValue>
      <BaudRateValue>256000</BaudRateValue>
      <BaudRateValue>1000000</BaudRateValue>
    </BaudRateValues>
  </BaudRate>
    <BaudRate>
    <MCUName>LM28T</MCUName>
    <BaudRateValues>
      <BaudRateValue>9600</BaudRateValue>
      <BaudRateValue>19200</BaudRateValue>
      <BaudRateValue>38400</BaudRateValue>
      <BaudRateValue>76800</BaudRateValue>
      <BaudRateValue>115200</BaudRateValue>
      <BaudRateValue>128000</BaudRateValue>
      <BaudRateValue>256000</BaudRateValue>
      <BaudRateValue>1000000</BaudRateValue>
    </BaudRateValues>
  </BaudRate>  
    <BaudRate>
    <MCUName>LM20T</MCUName>
    <BaudRateValues>
      <BaudRateValue>9600</BaudRateValue>
      <BaudRateValue>19200</BaudRateValue>
      <BaudRateValue>38400</BaudRateValue>
      <BaudRateValue>115200</BaudRateValue>
      <BaudRateValue>230400</BaudRateValue>
    </BaudRateValues>
  </BaudRate>
   <BaudRate>
    <MCUName>HC32A460xExx/HC32F460xExx/HC32F45xExx</MCUName>
    <BaudRateValues>
      <BaudRateValue>115200</BaudRateValue>
      <BaudRateValue>128000</BaudRateValue>
      <BaudRateValue>256000</BaudRateValue>
      <BaudRateValue>500000</BaudRateValue>
      <BaudRateValue>1000000</BaudRateValue>
    </BaudRateValues>
  </BaudRate>
  <BaudRate>
    <MCUName>HC32D390/HC32D391</MCUName>
    <BaudRateValues>
      <BaudRateValue>115200</BaudRateValue>
      <BaudRateValue>128000</BaudRateValue>
      <BaudRateValue>256000</BaudRateValue>
      <BaudRateValue>500000</BaudRateValue>
      <BaudRateValue>1000000</BaudRateValue>
    </BaudRateValues>
  </BaudRate>
  <BaudRate>
    <MCUName>HC32F072</MCUName>
    <BaudRateValues>
      <BaudRateValue>9600</BaudRateValue>
      <BaudRateValue>19200</BaudRateValue>
      <BaudRateValue>38400</BaudRateValue>
      <BaudRateValue>76800</BaudRateValue>
      <BaudRateValue>115200</BaudRateValue>
      <BaudRateValue>128000</BaudRateValue>
      <BaudRateValue>256000</BaudRateValue>
      <BaudRateValue>1000000</BaudRateValue>
    </BaudRateValues>
  </BaudRate>
  <BaudRate>
    <MCUName>HC32L072/HC32L073</MCUName>
    <BaudRateValues>
      <BaudRateValue>9600</BaudRateValue>
      <BaudRateValue>19200</BaudRateValue>
      <BaudRateValue>38400</BaudRateValue>
      <BaudRateValue>76800</BaudRateValue>
      <BaudRateValue>115200</BaudRateValue>
      <BaudRateValue>128000</BaudRateValue>
      <BaudRateValue>256000</BaudRateValue>
      <BaudRateValue>1000000</BaudRateValue>
    </BaudRateValues>
  </BaudRate>  
  <BaudRate>
    <MCUName>HC32L170/HC32L176</MCUName>
    <BaudRateValues>
      <BaudRateValue>9600</BaudRateValue>
      <BaudRateValue>19200</BaudRateValue>
      <BaudRateValue>38400</BaudRateValue>
      <BaudRateValue>76800</BaudRateValue>
      <BaudRateValue>115200</BaudRateValue>
      <BaudRateValue>128000</BaudRateValue>
      <BaudRateValue>256000</BaudRateValue>
      <BaudRateValue>1000000</BaudRateValue>
    </BaudRateValues>
  </BaudRate>
  <BaudRate>
    <MCUName>HC32F170/HC32F176</MCUName>
    <BaudRateValues>
      <BaudRateValue>9600</BaudRateValue>
      <BaudRateValue>19200</BaudRateValue>
      <BaudRateValue>38400</BaudRateValue>
      <BaudRateValue>76800</BaudRateValue>
      <BaudRateValue>115200</BaudRateValue>
      <BaudRateValue>128000</BaudRateValue>
      <BaudRateValue>256000</BaudRateValue>
      <BaudRateValue>1000000</BaudRateValue>
    </BaudRateValues>
  </BaudRate> 
  <BaudRate>
    <MCUName>HC32L190/HC32L196</MCUName>
    <BaudRateValues>
      <BaudRateValue>9600</BaudRateValue>
      <BaudRateValue>19200</BaudRateValue>
      <BaudRateValue>38400</BaudRateValue>
      <BaudRateValue>76800</BaudRateValue>
      <BaudRateValue>115200</BaudRateValue>
      <BaudRateValue>128000</BaudRateValue>
      <BaudRateValue>256000</BaudRateValue>
      <BaudRateValue>1000000</BaudRateValue>
    </BaudRateValues>
  </BaudRate>
  <BaudRate>
    <MCUName>HC32F190/HC32F196</MCUName>
    <BaudRateValues>
      <BaudRateValue>9600</BaudRateValue>
      <BaudRateValue>19200</BaudRateValue>
      <BaudRateValue>38400</BaudRateValue>
      <BaudRateValue>76800</BaudRateValue>
      <BaudRateValue>115200</BaudRateValue>
      <BaudRateValue>128000</BaudRateValue>
      <BaudRateValue>256000</BaudRateValue>
      <BaudRateValue>1000000</BaudRateValue>
    </BaudRateValues>
  </BaudRate>  
   <BaudRate>
    <MCUName>HC32F120</MCUName>
    <BaudRateValues>
      <BaudRateValue>115200</BaudRateValue>
      <BaudRateValue>500000</BaudRateValue>
      <BaudRateValue>1000000</BaudRateValue>
    </BaudRateValues>
  </BaudRate>
  <BaudRate>
    <MCUName>HC32M120</MCUName>
    <BaudRateValues>
      <BaudRateValue>115200</BaudRateValue>
      <BaudRateValue>500000</BaudRateValue>
      <BaudRateValue>1000000</BaudRateValue>
    </BaudRateValues>
  </BaudRate>
    <BaudRate>
    <MCUName>HC32A4A0/HC32F4A0</MCUName>
    <BaudRateValues>
      <BaudRateValue>115200</BaudRateValue>
      <BaudRateValue>128000</BaudRateValue>
      <BaudRateValue>256000</BaudRateValue>
      <BaudRateValue>500000</BaudRateValue>
      <BaudRateValue>1000000</BaudRateValue>
    </BaudRateValues>
  </BaudRate> 
    <BaudRate>
    <MCUName>HC32F002</MCUName>
    <BaudRateValues>
      <BaudRateValue>9600</BaudRateValue>
      <BaudRateValue>19200</BaudRateValue>
      <BaudRateValue>38400</BaudRateValue>
      <BaudRateValue>76800</BaudRateValue>
      <BaudRateValue>115200</BaudRateValue>
      <BaudRateValue>128000</BaudRateValue>
      <BaudRateValue>256000</BaudRateValue>
      <BaudRateValue>1000000</BaudRateValue>
    </BaudRateValues>
  </BaudRate>
  <BaudRate>
    <MCUName>HC32F031</MCUName>
    <BaudRateValues>
      <BaudRateValue>9600</BaudRateValue>
      <BaudRateValue>19200</BaudRateValue>
      <BaudRateValue>38400</BaudRateValue>
      <BaudRateValue>76800</BaudRateValue>
      <BaudRateValue>115200</BaudRateValue>
      <BaudRateValue>128000</BaudRateValue>
      <BaudRateValue>256000</BaudRateValue>
      <BaudRateValue>1000000</BaudRateValue>
    </BaudRateValues>
  </BaudRate>  
 <BaudRate>
    <MCUName>HC32M423</MCUName>
    <BaudRateValues>
      <BaudRateValue>76800</BaudRateValue>
      <BaudRateValue>115200</BaudRateValue>
      <BaudRateValue>128000</BaudRateValue>
      <BaudRateValue>256000</BaudRateValue>
      <BaudRateValue>1000000</BaudRateValue>
    </BaudRateValues>
  </BaudRate>
 <BaudRate>
    <MCUName>HC32F160</MCUName>
    <BaudRateValues>
      <BaudRateValue>76800</BaudRateValue>
      <BaudRateValue>115200</BaudRateValue>
      <BaudRateValue>128000</BaudRateValue>
      <BaudRateValue>256000</BaudRateValue>
      <BaudRateValue>1000000</BaudRateValue>
    </BaudRateValues>
  </BaudRate>  
 <BaudRate>
    <MCUName>HC32F472</MCUName>
    <BaudRateValues>
      <BaudRateValue>115200</BaudRateValue>
      <BaudRateValue>128000</BaudRateValue>
      <BaudRateValue>256000</BaudRateValue>
      <BaudRateValue>500000</BaudRateValue>
      <BaudRateValue>1000000</BaudRateValue>
    </BaudRateValues>
  </BaudRate>  
   <BaudRate>
    <MCUName>HC32F420xAxx</MCUName>
    <BaudRateValues>
      <BaudRateValue>115200</BaudRateValue>
      <BaudRateValue>128000</BaudRateValue>
      <BaudRateValue>256000</BaudRateValue>
      <BaudRateValue>500000</BaudRateValue>
      <BaudRateValue>1000000</BaudRateValue>
    </BaudRateValues>
  </BaudRate>  
   <BaudRate>
    <MCUName>HC32F448xAxx/HC32A448xAxx</MCUName>
    <BaudRateValues>
      <BaudRateValue>115200</BaudRateValue>
      <BaudRateValue>128000</BaudRateValue>
      <BaudRateValue>256000</BaudRateValue>
      <BaudRateValue>500000</BaudRateValue>
      <BaudRateValue>1000000</BaudRateValue>
    </BaudRateValues>
  </BaudRate>
  <BaudRate>
    <MCUName>HC32F448xCxx/HC32A448xCxx</MCUName>
    <BaudRateValues>
      <BaudRateValue>115200</BaudRateValue>
      <BaudRateValue>128000</BaudRateValue>
      <BaudRateValue>256000</BaudRateValue>
      <BaudRateValue>500000</BaudRateValue>
      <BaudRateValue>1000000</BaudRateValue>
    </BaudRateValues>
  </BaudRate>
  <BaudRate>
    <MCUName>HC32F165</MCUName>
    <BaudRateValues>
      <BaudRateValue>115200</BaudRateValue>
      <BaudRateValue>128000</BaudRateValue>
      <BaudRateValue>256000</BaudRateValue>
      <BaudRateValue>500000</BaudRateValue>
      <BaudRateValue>1000000</BaudRateValue>
    </BaudRateValues>
  </BaudRate>   
   <BaudRate>
    <MCUName>HC32F052xAxx</MCUName>
    <BaudRateValues>
      <BaudRateValue>115200</BaudRateValue>
      <BaudRateValue>250000</BaudRateValue>
      <BaudRateValue>500000</BaudRateValue>
      <BaudRateValue>750000</BaudRateValue>	  
    </BaudRateValues>
  </BaudRate>
   <BaudRate>
    <MCUName>HCWB392</MCUName>
    <BaudRateValues>
      <BaudRateValue>115200</BaudRateValue>
      <BaudRateValue>128000</BaudRateValue>
      <BaudRateValue>256000</BaudRateValue>
      <BaudRateValue>500000</BaudRateValue>
      <BaudRateValue>1000000</BaudRateValue>
    </BaudRateValues>
  </BaudRate>  
     <BaudRate>
    <MCUName>HC3218xxAxx/HC3216xxAxx</MCUName>
    <BaudRateValues>
	  <BaudRateValue>19200</BaudRateValue>	  
	  <BaudRateValue>76800</BaudRateValue>
      <BaudRateValue>115200</BaudRateValue>
      <BaudRateValue>250000</BaudRateValue>
      <BaudRateValue>500000</BaudRateValue>
      <BaudRateValue>1000000</BaudRateValue>	  
    </BaudRateValues>
  </BaudRate>
     <BaudRate>
    <MCUName>HC32L18xxCxx/HC32L16xxCxx</MCUName>
    <BaudRateValues>
	  <BaudRateValue>19200</BaudRateValue>
	  <BaudRateValue>76800</BaudRateValue>
      <BaudRateValue>115200</BaudRateValue>
      <BaudRateValue>250000</BaudRateValue>
      <BaudRateValue>500000</BaudRateValue>
      <BaudRateValue>1000000</BaudRateValue>		  
    </BaudRateValues>
  </BaudRate>
   <BaudRate>
    <MCUName>HC32F334xx8xx</MCUName>
    <BaudRateValues>
      <BaudRateValue>115200</BaudRateValue>
      <BaudRateValue>128000</BaudRateValue>
      <BaudRateValue>256000</BaudRateValue>
      <BaudRateValue>500000</BaudRateValue>
      <BaudRateValue>1000000</BaudRateValue>
    </BaudRateValues>
  </BaudRate>
  <BaudRate>
    <MCUName>HC32F334xxAxx</MCUName>
    <BaudRateValues>
      <BaudRateValue>115200</BaudRateValue>
      <BaudRateValue>128000</BaudRateValue>
      <BaudRateValue>256000</BaudRateValue>
      <BaudRateValue>500000</BaudRateValue>
      <BaudRateValue>1000000</BaudRateValue>
    </BaudRateValues>
  </BaudRate>
   <BaudRate>
    <MCUName>HC32F155xxAxx</MCUName>
    <BaudRateValues>
      <BaudRateValue>115200</BaudRateValue>
      <BaudRateValue>128000</BaudRateValue>
      <BaudRateValue>256000</BaudRateValue>
      <BaudRateValue>500000</BaudRateValue>
    </BaudRateValues>
  </BaudRate>
  <BaudRate>
    <MCUName>HC32F155xxCxx</MCUName>
    <BaudRateValues>
      <BaudRateValue>115200</BaudRateValue>
      <BaudRateValue>128000</BaudRateValue>
      <BaudRateValue>256000</BaudRateValue>
      <BaudRateValue>500000</BaudRateValue>
    </BaudRateValues>
  </BaudRate>
  <BaudRate>
    <MCUName>HC32F115x8</MCUName>
    <BaudRateValues>
      <BaudRateValue>115200</BaudRateValue>
      <BaudRateValue>128000</BaudRateValue>
      <BaudRateValue>256000</BaudRateValue>
      <BaudRateValue>500000</BaudRateValue>
    </BaudRateValues>
  </BaudRate>  
</System>